nom;prenom;mail;IP;pseudo
Ambar;Laure;lorenbarre@yahoo.fr;10.56.5.143;goldenbrick
Bon;Jean;jambon@gmail.com;10.39.210.77;porky
Lovoturogoroch;Igor;ilgarelavoitureaugarage@wanadoo.fr;192.168.34.19;parkman
Stickey;Sophie;sofistique@live.com;10.14.1.3;bcbg75
Friilatoukompri;Ilal;ilafreeilatoutcompris@free.fr;192.168.111.89;frenchkiss
Ptitgoute;Corinne;encoreunepetitegoutte@neuf.fr;192.168.24.203;pillierdebar69
Groidanlabegnoiraigemedemendesskifouteula;Gedeon;jaideshongroisdanslabaignoireetjemedemandecequilsfoutentla@sfr.fr;172.16.228;57;philomag
Flai;Abel;ibel-fly@gmail.com;10.10.98.67;glloq
Flai;Yves;ieve-fly@gmail.com;10.10.98.144;icarus
Flai;Akim;ican-fly@gmail.com;10.10.98.22;skydiver
Peldaisouvenir;Sarah;carapelledessouvenirs@bouygues.fr;172.22.45.99;randomaccessmomories
Nicouverture;Sandra;sansdrapnicouverture@free.fr;192.168.0.254;campinggirl
Chmonfice;Thibaud;tyesbeau-chemonfils@caramail.fr;10.1.1.45;reinedushopping
Chmonfice;Thierry;tyesri-chemonfils@caramail.fr;10.128.78.129;oncpicsou
Derire;Nestor;nestordderire@neuf.fr;172.30.32.237;djangodu16
Ivtussitar;Edouard;edouarrivestusitard@orange.fr;192.168.50.23;beuverietboulettes
Liguili;Guy;guilliguilli@alice.fr;192.168.1.1;mrtickle
Lutefinal;Sheila;cestlaluttefinale@sfr.fr;172.17.38.95;cgt77
Anffan;Helene;ilestne-enfant@yahoo.fr;192.168.42.189;born2Balive
Anffan;Ludivine;ledivin-enfant@yahoo.fr;192.168.42.190;kto97
Naline;Audrey;adrenaline@free.fr;10.68.2.27;miawallace
Portinmaxe;Sarah;carapporteunmax@bouygues.fr;10.252.33.76;venal119
Pavumirza;Xavier;zavezpasvumirza@numericale.fr;172.20.45.200;toutouassamemere
Stiti;Louis;louistiti@sfr.fr;192.168.42.42;cheeta007
Zeblouze;Agathe;igottheblues@wanadoo.fr;192.168.3.12;brasfort
